scenario_tag,task,task_encoding,bench_n_train,bench_n_test,bench_washout_macros,bench_hold_ns,log10_sim_budget,latency_euler_steps,motif,default_k,i_min,i_max,spacing_m,spacing_um,noise_on,I_th_A,lambda0_m,dt_ns,store_every,augment_input,metric,metric_name,maximize_metric,replicate_id,run_seed
iris_small_test,iris,0,128,22,0,20.0,6.70926996097583,5120000,auxiliary,8.0,0.4,1.3,4e-05,40.0,True,0.01735,8.5e-07,0.0005,400,True,0.9130434782608695,accuracy_test,True,0,0
iris_small_test,iris,0,128,22,0,20.0,6.70926996097583,5120000,auxiliary,8.0,0.4,1.3,4e-05,40.0,False,0.01735,8.5e-07,0.0005,400,True,1.0,accuracy_test,True,0,17
iris_small_test,iris,0,128,22,0,20.0,6.70926996097583,5120000,auxiliary,8.0,0.4,1.3,5e-05,50.0,True,0.01735,8.5e-07,0.0005,400,True,0.9130434782608695,accuracy_test,True,0,34
iris_small_test,iris,0,128,22,0,20.0,6.70926996097583,5120000,auxiliary,8.0,0.4,1.3,5e-05,50.0,False,0.01735,8.5e-07,0.0005,400,True,0.9565217391304348,accuracy_test,True,0,51
iris_small_test,iris,0,128,22,0,20.0,6.70926996097583,5120000,auxiliary,8.0,0.4,1.3,6e-05,60.0,True,0.01735,8.5e-07,0.0005,400,True,0.9130434782608695,accuracy_test,True,0,68
iris_small_test,iris,0,128,22,0,20.0,6.70926996097583,5120000,auxiliary,8.0,0.4,1.3,6e-05,60.0,False,0.01735,8.5e-07,0.0005,400,True,0.9565217391304348,accuracy_test,True,0,85
iris_small_test,iris,0,128,22,0,20.0,6.70926996097583,5120000,auxiliary,8.0,0.4,1.5,4e-05,40.0,True,0.01735,8.5e-07,0.0005,400,True,1.0,accuracy_test,True,0,102
iris_small_test,iris,0,128,22,0,20.0,6.70926996097583,5120000,auxiliary,8.0,0.4,1.5,4e-05,40.0,False,0.01735,8.5e-07,0.0005,400,True,1.0,accuracy_test,True,0,119
iris_small_test,iris,0,128,22,0,20.0,6.70926996097583,5120000,auxiliary,8.0,0.4,1.5,5e-05,50.0,True,0.01735,8.5e-07,0.0005,400,True,1.0,accuracy_test,True,0,136
iris_small_test,iris,0,128,22,0,20.0,6.70926996097583,5120000,auxiliary,8.0,0.4,1.5,5e-05,50.0,False,0.01735,8.5e-07,0.0005,400,True,1.0,accuracy_test,True,0,153
iris_small_test,iris,0,128,22,0,20.0,6.70926996097583,5120000,auxiliary,8.0,0.4,1.5,6e-05,60.0,True,0.01735,8.5e-07,0.0005,400,True,1.0,accuracy_test,True,0,170
iris_small_test,iris,0,128,22,0,20.0,6.70926996097583,5120000,auxiliary,8.0,0.4,1.5,6e-05,60.0,False,0.01735,8.5e-07,0.0005,400,True,1.0,accuracy_test,True,0,187
iris_small_test,iris,0,128,22,0,20.0,6.70926996097583,5120000,auxiliary,8.0,0.4,1.7,4e-05,40.0,True,0.01735,8.5e-07,0.0005,400,True,0.9565217391304348,accuracy_test,True,0,204
iris_small_test,iris,0,128,22,0,20.0,6.70926996097583,5120000,auxiliary,8.0,0.4,1.7,4e-05,40.0,False,0.01735,8.5e-07,0.0005,400,True,0.9565217391304348,accuracy_test,True,0,221
iris_small_test,iris,0,128,22,0,20.0,6.70926996097583,5120000,auxiliary,8.0,0.4,1.7,5e-05,50.0,True,0.01735,8.5e-07,0.0005,400,True,1.0,accuracy_test,True,0,238
iris_small_test,iris,0,128,22,0,20.0,6.70926996097583,5120000,auxiliary,8.0,0.4,1.7,5e-05,50.0,False,0.01735,8.5e-07,0.0005,400,True,1.0,accuracy_test,True,0,255
iris_small_test,iris,0,128,22,0,20.0,6.70926996097583,5120000,auxiliary,8.0,0.4,1.7,6e-05,60.0,True,0.01735,8.5e-07,0.0005,400,True,1.0,accuracy_test,True,0,272
iris_small_test,iris,0,128,22,0,20.0,6.70926996097583,5120000,auxiliary,8.0,0.4,1.7,6e-05,60.0,False,0.01735,8.5e-07,0.0005,400,True,0.9565217391304348,accuracy_test,True,0,289
iris_small_test,iris,0,128,22,0,20.0,6.70926996097583,5120000,auxiliary,8.0,0.5,1.3,4e-05,40.0,True,0.01735,8.5e-07,0.0005,400,True,1.0,accuracy_test,True,0,306
iris_small_test,iris,0,128,22,0,20.0,6.70926996097583,5120000,auxiliary,8.0,0.5,1.3,4e-05,40.0,False,0.01735,8.5e-07,0.0005,400,True,1.0,accuracy_test,True,0,323
iris_small_test,iris,0,128,22,0,20.0,6.70926996097583,5120000,auxiliary,8.0,0.5,1.3,5e-05,50.0,True,0.01735,8.5e-07,0.0005,400,True,1.0,accuracy_test,True,0,340
iris_small_test,iris,0,128,22,0,20.0,6.70926996097583,5120000,auxiliary,8.0,0.5,1.3,5e-05,50.0,False,0.01735,8.5e-07,0.0005,400,True,1.0,accuracy_test,True,0,357
iris_small_test,iris,0,128,22,0,20.0,6.70926996097583,5120000,auxiliary,8.0,0.5,1.3,6e-05,60.0,True,0.01735,8.5e-07,0.0005,400,True,1.0,accuracy_test,True,0,374
iris_small_test,iris,0,128,22,0,20.0,6.70926996097583,5120000,auxiliary,8.0,0.5,1.3,6e-05,60.0,False,0.01735,8.5e-07,0.0005,400,True,0.9565217391304348,accuracy_test,True,0,391
iris_small_test,iris,0,128,22,0,20.0,6.70926996097583,5120000,auxiliary,8.0,0.5,1.5,4e-05,40.0,True,0.01735,8.5e-07,0.0005,400,True,0.9565217391304348,accuracy_test,True,0,408
iris_small_test,iris,0,128,22,0,20.0,6.70926996097583,5120000,auxiliary,8.0,0.5,1.5,4e-05,40.0,False,0.01735,8.5e-07,0.0005,400,True,0.9565217391304348,accuracy_test,True,0,425
iris_small_test,iris,0,128,22,0,20.0,6.70926996097583,5120000,auxiliary,8.0,0.5,1.5,5e-05,50.0,True,0.01735,8.5e-07,0.0005,400,True,0.9565217391304348,accuracy_test,True,0,442
iris_small_test,iris,0,128,22,0,20.0,6.70926996097583,5120000,auxiliary,8.0,0.5,1.5,5e-05,50.0,False,0.01735,8.5e-07,0.0005,400,True,1.0,accuracy_test,True,0,459
iris_small_test,iris,0,128,22,0,20.0,6.70926996097583,5120000,auxiliary,8.0,0.5,1.5,6e-05,60.0,True,0.01735,8.5e-07,0.0005,400,True,0.9565217391304348,accuracy_test,True,0,476
iris_small_test,iris,0,128,22,0,20.0,6.70926996097583,5120000,auxiliary,8.0,0.5,1.5,6e-05,60.0,False,0.01735,8.5e-07,0.0005,400,True,0.9565217391304348,accuracy_test,True,0,493
iris_small_test,iris,0,128,22,0,20.0,6.70926996097583,5120000,auxiliary,8.0,0.5,1.7,4e-05,40.0,True,0.01735,8.5e-07,0.0005,400,True,1.0,accuracy_test,True,0,510
iris_small_test,iris,0,128,22,0,20.0,6.70926996097583,5120000,auxiliary,8.0,0.5,1.7,4e-05,40.0,False,0.01735,8.5e-07,0.0005,400,True,0.9565217391304348,accuracy_test,True,0,527
iris_small_test,iris,0,128,22,0,20.0,6.70926996097583,5120000,auxiliary,8.0,0.5,1.7,5e-05,50.0,True,0.01735,8.5e-07,0.0005,400,True,0.9565217391304348,accuracy_test,True,0,544
iris_small_test,iris,0,128,22,0,20.0,6.70926996097583,5120000,auxiliary,8.0,0.5,1.7,5e-05,50.0,False,0.01735,8.5e-07,0.0005,400,True,0.9565217391304348,accuracy_test,True,0,561
iris_small_test,iris,0,128,22,0,20.0,6.70926996097583,5120000,auxiliary,8.0,0.5,1.7,6e-05,60.0,True,0.01735,8.5e-07,0.0005,400,True,0.9565217391304348,accuracy_test,True,0,578
iris_small_test,iris,0,128,22,0,20.0,6.70926996097583,5120000,auxiliary,8.0,0.5,1.7,6e-05,60.0,False,0.01735,8.5e-07,0.0005,400,True,1.0,accuracy_test,True,0,595
iris_small_test,iris,0,128,22,0,20.0,6.70926996097583,5120000,auxiliary,8.0,0.6,1.3,4e-05,40.0,True,0.01735,8.5e-07,0.0005,400,True,0.9130434782608695,accuracy_test,True,0,612
iris_small_test,iris,0,128,22,0,20.0,6.70926996097583,5120000,auxiliary,8.0,0.6,1.3,4e-05,40.0,False,0.01735,8.5e-07,0.0005,400,True,1.0,accuracy_test,True,0,629
iris_small_test,iris,0,128,22,0,20.0,6.70926996097583,5120000,auxiliary,8.0,0.6,1.3,5e-05,50.0,True,0.01735,8.5e-07,0.0005,400,True,1.0,accuracy_test,True,0,646
iris_small_test,iris,0,128,22,0,20.0,6.70926996097583,5120000,auxiliary,8.0,0.6,1.3,5e-05,50.0,False,0.01735,8.5e-07,0.0005,400,True,1.0,accuracy_test,True,0,663
iris_small_test,iris,0,128,22,0,20.0,6.70926996097583,5120000,auxiliary,8.0,0.6,1.3,6e-05,60.0,True,0.01735,8.5e-07,0.0005,400,True,0.9130434782608695,accuracy_test,True,0,680
iris_small_test,iris,0,128,22,0,20.0,6.70926996097583,5120000,auxiliary,8.0,0.6,1.3,6e-05,60.0,False,0.01735,8.5e-07,0.0005,400,True,1.0,accuracy_test,True,0,697
iris_small_test,iris,0,128,22,0,20.0,6.70926996097583,5120000,auxiliary,8.0,0.6,1.5,4e-05,40.0,True,0.01735,8.5e-07,0.0005,400,True,0.9565217391304348,accuracy_test,True,0,714
iris_small_test,iris,0,128,22,0,20.0,6.70926996097583,5120000,auxiliary,8.0,0.6,1.5,4e-05,40.0,False,0.01735,8.5e-07,0.0005,400,True,0.9565217391304348,accuracy_test,True,0,731
iris_small_test,iris,0,128,22,0,20.0,6.70926996097583,5120000,auxiliary,8.0,0.6,1.5,5e-05,50.0,True,0.01735,8.5e-07,0.0005,400,True,1.0,accuracy_test,True,0,748
iris_small_test,iris,0,128,22,0,20.0,6.70926996097583,5120000,auxiliary,8.0,0.6,1.5,5e-05,50.0,False,0.01735,8.5e-07,0.0005,400,True,1.0,accuracy_test,True,0,765
iris_small_test,iris,0,128,22,0,20.0,6.70926996097583,5120000,auxiliary,8.0,0.6,1.5,6e-05,60.0,True,0.01735,8.5e-07,0.0005,400,True,0.9565217391304348,accuracy_test,True,0,782
iris_small_test,iris,0,128,22,0,20.0,6.70926996097583,5120000,auxiliary,8.0,0.6,1.5,6e-05,60.0,False,0.01735,8.5e-07,0.0005,400,True,0.9565217391304348,accuracy_test,True,0,799
iris_small_test,iris,0,128,22,0,20.0,6.70926996097583,5120000,auxiliary,8.0,0.6,1.7,4e-05,40.0,True,0.01735,8.5e-07,0.0005,400,True,0.9565217391304348,accuracy_test,True,0,816
iris_small_test,iris,0,128,22,0,20.0,6.70926996097583,5120000,auxiliary,8.0,0.6,1.7,4e-05,40.0,False,0.01735,8.5e-07,0.0005,400,True,1.0,accuracy_test,True,0,833
iris_small_test,iris,0,128,22,0,20.0,6.70926996097583,5120000,auxiliary,8.0,0.6,1.7,5e-05,50.0,True,0.01735,8.5e-07,0.0005,400,True,0.9565217391304348,accuracy_test,True,0,850
iris_small_test,iris,0,128,22,0,20.0,6.70926996097583,5120000,auxiliary,8.0,0.6,1.7,5e-05,50.0,False,0.01735,8.5e-07,0.0005,400,True,1.0,accuracy_test,True,0,867
iris_small_test,iris,0,128,22,0,20.0,6.70926996097583,5120000,auxiliary,8.0,0.6,1.7,6e-05,60.0,True,0.01735,8.5e-07,0.0005,400,True,0.9565217391304348,accuracy_test,True,0,884
iris_small_test,iris,0,128,22,0,20.0,6.70926996097583,5120000,auxiliary,8.0,0.6,1.7,6e-05,60.0,False,0.01735,8.5e-07,0.0005,400,True,1.0,accuracy_test,True,0,901
iris_small_test,iris,0,128,22,0,20.0,6.70926996097583,5120000,auxiliary,12.0,0.4,1.3,4e-05,40.0,True,0.01735,8.5e-07,0.0005,400,True,0.9130434782608695,accuracy_test,True,0,918
iris_small_test,iris,0,128,22,0,20.0,6.70926996097583,5120000,auxiliary,12.0,0.4,1.3,4e-05,40.0,False,0.01735,8.5e-07,0.0005,400,True,0.9565217391304348,accuracy_test,True,0,935
iris_small_test,iris,0,128,22,0,20.0,6.70926996097583,5120000,auxiliary,12.0,0.4,1.3,5e-05,50.0,True,0.01735,8.5e-07,0.0005,400,True,0.9565217391304348,accuracy_test,True,0,952
iris_small_test,iris,0,128,22,0,20.0,6.70926996097583,5120000,auxiliary,12.0,0.4,1.3,5e-05,50.0,False,0.01735,8.5e-07,0.0005,400,True,0.9565217391304348,accuracy_test,True,0,969
iris_small_test,iris,0,128,22,0,20.0,6.70926996097583,5120000,auxiliary,12.0,0.4,1.3,6e-05,60.0,True,0.01735,8.5e-07,0.0005,400,True,0.9130434782608695,accuracy_test,True,0,986
iris_small_test,iris,0,128,22,0,20.0,6.70926996097583,5120000,auxiliary,12.0,0.4,1.3,6e-05,60.0,False,0.01735,8.5e-07,0.0005,400,True,0.9565217391304348,accuracy_test,True,0,1003
iris_small_test,iris,0,128,22,0,20.0,6.70926996097583,5120000,auxiliary,12.0,0.4,1.5,4e-05,40.0,True,0.01735,8.5e-07,0.0005,400,True,1.0,accuracy_test,True,0,1020
iris_small_test,iris,0,128,22,0,20.0,6.70926996097583,5120000,auxiliary,12.0,0.4,1.5,4e-05,40.0,False,0.01735,8.5e-07,0.0005,400,True,1.0,accuracy_test,True,0,1037
iris_small_test,iris,0,128,22,0,20.0,6.70926996097583,5120000,auxiliary,12.0,0.4,1.5,5e-05,50.0,True,0.01735,8.5e-07,0.0005,400,True,1.0,accuracy_test,True,0,1054
iris_small_test,iris,0,128,22,0,20.0,6.70926996097583,5120000,auxiliary,12.0,0.4,1.5,5e-05,50.0,False,0.01735,8.5e-07,0.0005,400,True,1.0,accuracy_test,True,0,1071
iris_small_test,iris,0,128,22,0,20.0,6.70926996097583,5120000,auxiliary,12.0,0.4,1.5,6e-05,60.0,True,0.01735,8.5e-07,0.0005,400,True,1.0,accuracy_test,True,0,1088
iris_small_test,iris,0,128,22,0,20.0,6.70926996097583,5120000,auxiliary,12.0,0.4,1.5,6e-05,60.0,False,0.01735,8.5e-07,0.0005,400,True,1.0,accuracy_test,True,0,1105
iris_small_test,iris,0,128,22,0,20.0,6.70926996097583,5120000,auxiliary,12.0,0.4,1.7,4e-05,40.0,True,0.01735,8.5e-07,0.0005,400,True,1.0,accuracy_test,True,0,1122
iris_small_test,iris,0,128,22,0,20.0,6.70926996097583,5120000,auxiliary,12.0,0.4,1.7,4e-05,40.0,False,0.01735,8.5e-07,0.0005,400,True,0.9565217391304348,accuracy_test,True,0,1139
iris_small_test,iris,0,128,22,0,20.0,6.70926996097583,5120000,auxiliary,12.0,0.4,1.7,5e-05,50.0,True,0.01735,8.5e-07,0.0005,400,True,0.9565217391304348,accuracy_test,True,0,1156
iris_small_test,iris,0,128,22,0,20.0,6.70926996097583,5120000,auxiliary,12.0,0.4,1.7,5e-05,50.0,False,0.01735,8.5e-07,0.0005,400,True,1.0,accuracy_test,True,0,1173
iris_small_test,iris,0,128,22,0,20.0,6.70926996097583,5120000,auxiliary,12.0,0.4,1.7,6e-05,60.0,True,0.01735,8.5e-07,0.0005,400,True,0.9565217391304348,accuracy_test,True,0,1190
iris_small_test,iris,0,128,22,0,20.0,6.70926996097583,5120000,auxiliary,12.0,0.4,1.7,6e-05,60.0,False,0.01735,8.5e-07,0.0005,400,True,0.9565217391304348,accuracy_test,True,0,1207
iris_small_test,iris,0,128,22,0,20.0,6.70926996097583,5120000,auxiliary,12.0,0.5,1.3,4e-05,40.0,True,0.01735,8.5e-07,0.0005,400,True,1.0,accuracy_test,True,0,1224
iris_small_test,iris,0,128,22,0,20.0,6.70926996097583,5120000,auxiliary,12.0,0.5,1.3,4e-05,40.0,False,0.01735,8.5e-07,0.0005,400,True,1.0,accuracy_test,True,0,1241
iris_small_test,iris,0,128,22,0,20.0,6.70926996097583,5120000,auxiliary,12.0,0.5,1.3,5e-05,50.0,True,0.01735,8.5e-07,0.0005,400,True,1.0,accuracy_test,True,0,1258
iris_small_test,iris,0,128,22,0,20.0,6.70926996097583,5120000,auxiliary,12.0,0.5,1.3,5e-05,50.0,False,0.01735,8.5e-07,0.0005,400,True,1.0,accuracy_test,True,0,1275
iris_small_test,iris,0,128,22,0,20.0,6.70926996097583,5120000,auxiliary,12.0,0.5,1.3,6e-05,60.0,True,0.01735,8.5e-07,0.0005,400,True,1.0,accuracy_test,True,0,1292
iris_small_test,iris,0,128,22,0,20.0,6.70926996097583,5120000,auxiliary,12.0,0.5,1.3,6e-05,60.0,False,0.01735,8.5e-07,0.0005,400,True,1.0,accuracy_test,True,0,1309
iris_small_test,iris,0,128,22,0,20.0,6.70926996097583,5120000,auxiliary,12.0,0.5,1.5,4e-05,40.0,True,0.01735,8.5e-07,0.0005,400,True,0.9565217391304348,accuracy_test,True,0,1326
iris_small_test,iris,0,128,22,0,20.0,6.70926996097583,5120000,auxiliary,12.0,0.5,1.5,4e-05,40.0,False,0.01735,8.5e-07,0.0005,400,True,0.9565217391304348,accuracy_test,True,0,1343
iris_small_test,iris,0,128,22,0,20.0,6.70926996097583,5120000,auxiliary,12.0,0.5,1.5,5e-05,50.0,True,0.01735,8.5e-07,0.0005,400,True,0.9565217391304348,accuracy_test,True,0,1360
iris_small_test,iris,0,128,22,0,20.0,6.70926996097583,5120000,auxiliary,12.0,0.5,1.5,5e-05,50.0,False,0.01735,8.5e-07,0.0005,400,True,0.9565217391304348,accuracy_test,True,0,1377
iris_small_test,iris,0,128,22,0,20.0,6.70926996097583,5120000,auxiliary,12.0,0.5,1.5,6e-05,60.0,True,0.01735,8.5e-07,0.0005,400,True,0.9565217391304348,accuracy_test,True,0,1394
iris_small_test,iris,0,128,22,0,20.0,6.70926996097583,5120000,auxiliary,12.0,0.5,1.5,6e-05,60.0,False,0.01735,8.5e-07,0.0005,400,True,0.9565217391304348,accuracy_test,True,0,1411
iris_small_test,iris,0,128,22,0,20.0,6.70926996097583,5120000,auxiliary,12.0,0.5,1.7,4e-05,40.0,True,0.01735,8.5e-07,0.0005,400,True,0.9565217391304348,accuracy_test,True,0,1428
iris_small_test,iris,0,128,22,0,20.0,6.70926996097583,5120000,auxiliary,12.0,0.5,1.7,4e-05,40.0,False,0.01735,8.5e-07,0.0005,400,True,0.9565217391304348,accuracy_test,True,0,1445
iris_small_test,iris,0,128,22,0,20.0,6.70926996097583,5120000,auxiliary,12.0,0.5,1.7,5e-05,50.0,True,0.01735,8.5e-07,0.0005,400,True,1.0,accuracy_test,True,0,1462
iris_small_test,iris,0,128,22,0,20.0,6.70926996097583,5120000,auxiliary,12.0,0.5,1.7,5e-05,50.0,False,0.01735,8.5e-07,0.0005,400,True,0.9565217391304348,accuracy_test,True,0,1479
iris_small_test,iris,0,128,22,0,20.0,6.70926996097583,5120000,auxiliary,12.0,0.5,1.7,6e-05,60.0,True,0.01735,8.5e-07,0.0005,400,True,1.0,accuracy_test,True,0,1496
iris_small_test,iris,0,128,22,0,20.0,6.70926996097583,5120000,auxiliary,12.0,0.5,1.7,6e-05,60.0,False,0.01735,8.5e-07,0.0005,400,True,1.0,accuracy_test,True,0,1513
iris_small_test,iris,0,128,22,0,20.0,6.70926996097583,5120000,auxiliary,12.0,0.6,1.3,4e-05,40.0,True,0.01735,8.5e-07,0.0005,400,True,0.9130434782608695,accuracy_test,True,0,1530
iris_small_test,iris,0,128,22,0,20.0,6.70926996097583,5120000,auxiliary,12.0,0.6,1.3,4e-05,40.0,False,0.01735,8.5e-07,0.0005,400,True,1.0,accuracy_test,True,0,1547
iris_small_test,iris,0,128,22,0,20.0,6.70926996097583,5120000,auxiliary,12.0,0.6,1.3,5e-05,50.0,True,0.01735,8.5e-07,0.0005,400,True,0.9565217391304348,accuracy_test,True,0,1564
iris_small_test,iris,0,128,22,0,20.0,6.70926996097583,5120000,auxiliary,12.0,0.6,1.3,5e-05,50.0,False,0.01735,8.5e-07,0.0005,400,True,1.0,accuracy_test,True,0,1581
iris_small_test,iris,0,128,22,0,20.0,6.70926996097583,5120000,auxiliary,12.0,0.6,1.3,6e-05,60.0,True,0.01735,8.5e-07,0.0005,400,True,0.9130434782608695,accuracy_test,True,0,1598
iris_small_test,iris,0,128,22,0,20.0,6.70926996097583,5120000,auxiliary,12.0,0.6,1.3,6e-05,60.0,False,0.01735,8.5e-07,0.0005,400,True,1.0,accuracy_test,True,0,1615
iris_small_test,iris,0,128,22,0,20.0,6.70926996097583,5120000,auxiliary,12.0,0.6,1.5,4e-05,40.0,True,0.01735,8.5e-07,0.0005,400,True,0.9565217391304348,accuracy_test,True,0,1632
iris_small_test,iris,0,128,22,0,20.0,6.70926996097583,5120000,auxiliary,12.0,0.6,1.5,4e-05,40.0,False,0.01735,8.5e-07,0.0005,400,True,0.9565217391304348,accuracy_test,True,0,1649
iris_small_test,iris,0,128,22,0,20.0,6.70926996097583,5120000,auxiliary,12.0,0.6,1.5,5e-05,50.0,True,0.01735,8.5e-07,0.0005,400,True,0.9565217391304348,accuracy_test,True,0,1666
iris_small_test,iris,0,128,22,0,20.0,6.70926996097583,5120000,auxiliary,12.0,0.6,1.5,5e-05,50.0,False,0.01735,8.5e-07,0.0005,400,True,0.9565217391304348,accuracy_test,True,0,1683
iris_small_test,iris,0,128,22,0,20.0,6.70926996097583,5120000,auxiliary,12.0,0.6,1.5,6e-05,60.0,True,0.01735,8.5e-07,0.0005,400,True,1.0,accuracy_test,True,0,1700
iris_small_test,iris,0,128,22,0,20.0,6.70926996097583,5120000,auxiliary,12.0,0.6,1.5,6e-05,60.0,False,0.01735,8.5e-07,0.0005,400,True,0.9565217391304348,accuracy_test,True,0,1717
iris_small_test,iris,0,128,22,0,20.0,6.70926996097583,5120000,auxiliary,12.0,0.6,1.7,4e-05,40.0,True,0.01735,8.5e-07,0.0005,400,True,0.9565217391304348,accuracy_test,True,0,1734
iris_small_test,iris,0,128,22,0,20.0,6.70926996097583,5120000,auxiliary,12.0,0.6,1.7,4e-05,40.0,False,0.01735,8.5e-07,0.0005,400,True,1.0,accuracy_test,True,0,1751
iris_small_test,iris,0,128,22,0,20.0,6.70926996097583,5120000,auxiliary,12.0,0.6,1.7,5e-05,50.0,True,0.01735,8.5e-07,0.0005,400,True,0.9565217391304348,accuracy_test,True,0,1768
iris_small_test,iris,0,128,22,0,20.0,6.70926996097583,5120000,auxiliary,12.0,0.6,1.7,5e-05,50.0,False,0.01735,8.5e-07,0.0005,400,True,1.0,accuracy_test,True,0,1785
iris_small_test,iris,0,128,22,0,20.0,6.70926996097583,5120000,auxiliary,12.0,0.6,1.7,6e-05,60.0,True,0.01735,8.5e-07,0.0005,400,True,0.9565217391304348,accuracy_test,True,0,1802
iris_small_test,iris,0,128,22,0,20.0,6.70926996097583,5120000,auxiliary,12.0,0.6,1.7,6e-05,60.0,False,0.01735,8.5e-07,0.0005,400,True,1.0,accuracy_test,True,0,1819
iris_small_test,iris,0,128,22,0,20.0,6.70926996097583,5120000,auxiliary,15.0,0.4,1.3,4e-05,40.0,True,0.01735,8.5e-07,0.0005,400,True,0.9565217391304348,accuracy_test,True,0,1836
iris_small_test,iris,0,128,22,0,20.0,6.70926996097583,5120000,auxiliary,15.0,0.4,1.3,4e-05,40.0,False,0.01735,8.5e-07,0.0005,400,True,0.9565217391304348,accuracy_test,True,0,1853
iris_small_test,iris,0,128,22,0,20.0,6.70926996097583,5120000,auxiliary,15.0,0.4,1.3,5e-05,50.0,True,0.01735,8.5e-07,0.0005,400,True,0.9565217391304348,accuracy_test,True,0,1870
iris_small_test,iris,0,128,22,0,20.0,6.70926996097583,5120000,auxiliary,15.0,0.4,1.3,5e-05,50.0,False,0.01735,8.5e-07,0.0005,400,True,0.9565217391304348,accuracy_test,True,0,1887
iris_small_test,iris,0,128,22,0,20.0,6.70926996097583,5120000,auxiliary,15.0,0.4,1.3,6e-05,60.0,True,0.01735,8.5e-07,0.0005,400,True,1.0,accuracy_test,True,0,1904
iris_small_test,iris,0,128,22,0,20.0,6.70926996097583,5120000,auxiliary,15.0,0.4,1.3,6e-05,60.0,False,0.01735,8.5e-07,0.0005,400,True,1.0,accuracy_test,True,0,1921
iris_small_test,iris,0,128,22,0,20.0,6.70926996097583,5120000,auxiliary,15.0,0.4,1.5,4e-05,40.0,True,0.01735,8.5e-07,0.0005,400,True,1.0,accuracy_test,True,0,1938
iris_small_test,iris,0,128,22,0,20.0,6.70926996097583,5120000,auxiliary,15.0,0.4,1.5,4e-05,40.0,False,0.01735,8.5e-07,0.0005,400,True,1.0,accuracy_test,True,0,1955
iris_small_test,iris,0,128,22,0,20.0,6.70926996097583,5120000,auxiliary,15.0,0.4,1.5,5e-05,50.0,True,0.01735,8.5e-07,0.0005,400,True,1.0,accuracy_test,True,0,1972
iris_small_test,iris,0,128,22,0,20.0,6.70926996097583,5120000,auxiliary,15.0,0.4,1.5,5e-05,50.0,False,0.01735,8.5e-07,0.0005,400,True,1.0,accuracy_test,True,0,1989
iris_small_test,iris,0,128,22,0,20.0,6.70926996097583,5120000,auxiliary,15.0,0.4,1.5,6e-05,60.0,True,0.01735,8.5e-07,0.0005,400,True,1.0,accuracy_test,True,0,2006
iris_small_test,iris,0,128,22,0,20.0,6.70926996097583,5120000,auxiliary,15.0,0.4,1.5,6e-05,60.0,False,0.01735,8.5e-07,0.0005,400,True,1.0,accuracy_test,True,0,2023
iris_small_test,iris,0,128,22,0,20.0,6.70926996097583,5120000,auxiliary,15.0,0.4,1.7,4e-05,40.0,True,0.01735,8.5e-07,0.0005,400,True,0.9565217391304348,accuracy_test,True,0,2040
iris_small_test,iris,0,128,22,0,20.0,6.70926996097583,5120000,auxiliary,15.0,0.4,1.7,4e-05,40.0,False,0.01735,8.5e-07,0.0005,400,True,1.0,accuracy_test,True,0,2057
iris_small_test,iris,0,128,22,0,20.0,6.70926996097583,5120000,auxiliary,15.0,0.4,1.7,5e-05,50.0,True,0.01735,8.5e-07,0.0005,400,True,0.9565217391304348,accuracy_test,True,0,2074
iris_small_test,iris,0,128,22,0,20.0,6.70926996097583,5120000,auxiliary,15.0,0.4,1.7,5e-05,50.0,False,0.01735,8.5e-07,0.0005,400,True,1.0,accuracy_test,True,0,2091
iris_small_test,iris,0,128,22,0,20.0,6.70926996097583,5120000,auxiliary,15.0,0.4,1.7,6e-05,60.0,True,0.01735,8.5e-07,0.0005,400,True,0.9565217391304348,accuracy_test,True,0,2108
iris_small_test,iris,0,128,22,0,20.0,6.70926996097583,5120000,auxiliary,15.0,0.4,1.7,6e-05,60.0,False,0.01735,8.5e-07,0.0005,400,True,0.9565217391304348,accuracy_test,True,0,2125
iris_small_test,iris,0,128,22,0,20.0,6.70926996097583,5120000,auxiliary,15.0,0.5,1.3,4e-05,40.0,True,0.01735,8.5e-07,0.0005,400,True,1.0,accuracy_test,True,0,2142
iris_small_test,iris,0,128,22,0,20.0,6.70926996097583,5120000,auxiliary,15.0,0.5,1.3,4e-05,40.0,False,0.01735,8.5e-07,0.0005,400,True,1.0,accuracy_test,True,0,2159
iris_small_test,iris,0,128,22,0,20.0,6.70926996097583,5120000,auxiliary,15.0,0.5,1.3,5e-05,50.0,True,0.01735,8.5e-07,0.0005,400,True,1.0,accuracy_test,True,0,2176
iris_small_test,iris,0,128,22,0,20.0,6.70926996097583,5120000,auxiliary,15.0,0.5,1.3,5e-05,50.0,False,0.01735,8.5e-07,0.0005,400,True,1.0,accuracy_test,True,0,2193
iris_small_test,iris,0,128,22,0,20.0,6.70926996097583,5120000,auxiliary,15.0,0.5,1.3,6e-05,60.0,True,0.01735,8.5e-07,0.0005,400,True,1.0,accuracy_test,True,0,2210
iris_small_test,iris,0,128,22,0,20.0,6.70926996097583,5120000,auxiliary,15.0,0.5,1.3,6e-05,60.0,False,0.01735,8.5e-07,0.0005,400,True,1.0,accuracy_test,True,0,2227
iris_small_test,iris,0,128,22,0,20.0,6.70926996097583,5120000,auxiliary,15.0,0.5,1.5,4e-05,40.0,True,0.01735,8.5e-07,0.0005,400,True,0.9565217391304348,accuracy_test,True,0,2244
iris_small_test,iris,0,128,22,0,20.0,6.70926996097583,5120000,auxiliary,15.0,0.5,1.5,4e-05,40.0,False,0.01735,8.5e-07,0.0005,400,True,0.9565217391304348,accuracy_test,True,0,2261
iris_small_test,iris,0,128,22,0,20.0,6.70926996097583,5120000,auxiliary,15.0,0.5,1.5,5e-05,50.0,True,0.01735,8.5e-07,0.0005,400,True,0.9565217391304348,accuracy_test,True,0,2278
iris_small_test,iris,0,128,22,0,20.0,6.70926996097583,5120000,auxiliary,15.0,0.5,1.5,5e-05,50.0,False,0.01735,8.5e-07,0.0005,400,True,1.0,accuracy_test,True,0,2295
iris_small_test,iris,0,128,22,0,20.0,6.70926996097583,5120000,auxiliary,15.0,0.5,1.5,6e-05,60.0,True,0.01735,8.5e-07,0.0005,400,True,0.9565217391304348,accuracy_test,True,0,2312
iris_small_test,iris,0,128,22,0,20.0,6.70926996097583,5120000,auxiliary,15.0,0.5,1.5,6e-05,60.0,False,0.01735,8.5e-07,0.0005,400,True,0.9565217391304348,accuracy_test,True,0,2329
iris_small_test,iris,0,128,22,0,20.0,6.70926996097583,5120000,auxiliary,15.0,0.5,1.7,4e-05,40.0,True,0.01735,8.5e-07,0.0005,400,True,0.9565217391304348,accuracy_test,True,0,2346
iris_small_test,iris,0,128,22,0,20.0,6.70926996097583,5120000,auxiliary,15.0,0.5,1.7,4e-05,40.0,False,0.01735,8.5e-07,0.0005,400,True,0.9565217391304348,accuracy_test,True,0,2363
iris_small_test,iris,0,128,22,0,20.0,6.70926996097583,5120000,auxiliary,15.0,0.5,1.7,5e-05,50.0,True,0.01735,8.5e-07,0.0005,400,True,0.9565217391304348,accuracy_test,True,0,2380
iris_small_test,iris,0,128,22,0,20.0,6.70926996097583,5120000,auxiliary,15.0,0.5,1.7,5e-05,50.0,False,0.01735,8.5e-07,0.0005,400,True,0.9565217391304348,accuracy_test,True,0,2397
iris_small_test,iris,0,128,22,0,20.0,6.70926996097583,5120000,auxiliary,15.0,0.5,1.7,6e-05,60.0,True,0.01735,8.5e-07,0.0005,400,True,0.9565217391304348,accuracy_test,True,0,2414
iris_small_test,iris,0,128,22,0,20.0,6.70926996097583,5120000,auxiliary,15.0,0.5,1.7,6e-05,60.0,False,0.01735,8.5e-07,0.0005,400,True,1.0,accuracy_test,True,0,2431
iris_small_test,iris,0,128,22,0,20.0,6.70926996097583,5120000,auxiliary,15.0,0.6,1.3,4e-05,40.0,True,0.01735,8.5e-07,0.0005,400,True,0.9565217391304348,accuracy_test,True,0,2448
iris_small_test,iris,0,128,22,0,20.0,6.70926996097583,5120000,auxiliary,15.0,0.6,1.3,4e-05,40.0,False,0.01735,8.5e-07,0.0005,400,True,1.0,accuracy_test,True,0,2465
iris_small_test,iris,0,128,22,0,20.0,6.70926996097583,5120000,auxiliary,15.0,0.6,1.3,5e-05,50.0,True,0.01735,8.5e-07,0.0005,400,True,0.9565217391304348,accuracy_test,True,0,2482
iris_small_test,iris,0,128,22,0,20.0,6.70926996097583,5120000,auxiliary,15.0,0.6,1.3,5e-05,50.0,False,0.01735,8.5e-07,0.0005,400,True,1.0,accuracy_test,True,0,2499
iris_small_test,iris,0,128,22,0,20.0,6.70926996097583,5120000,auxiliary,15.0,0.6,1.3,6e-05,60.0,True,0.01735,8.5e-07,0.0005,400,True,0.9130434782608695,accuracy_test,True,0,2516
iris_small_test,iris,0,128,22,0,20.0,6.70926996097583,5120000,auxiliary,15.0,0.6,1.3,6e-05,60.0,False,0.01735,8.5e-07,0.0005,400,True,1.0,accuracy_test,True,0,2533
iris_small_test,iris,0,128,22,0,20.0,6.70926996097583,5120000,auxiliary,15.0,0.6,1.5,4e-05,40.0,True,0.01735,8.5e-07,0.0005,400,True,0.9565217391304348,accuracy_test,True,0,2550
iris_small_test,iris,0,128,22,0,20.0,6.70926996097583,5120000,auxiliary,15.0,0.6,1.5,4e-05,40.0,False,0.01735,8.5e-07,0.0005,400,True,0.9565217391304348,accuracy_test,True,0,2567
iris_small_test,iris,0,128,22,0,20.0,6.70926996097583,5120000,auxiliary,15.0,0.6,1.5,5e-05,50.0,True,0.01735,8.5e-07,0.0005,400,True,0.9565217391304348,accuracy_test,True,0,2584
iris_small_test,iris,0,128,22,0,20.0,6.70926996097583,5120000,auxiliary,15.0,0.6,1.5,5e-05,50.0,False,0.01735,8.5e-07,0.0005,400,True,1.0,accuracy_test,True,0,2601
iris_small_test,iris,0,128,22,0,20.0,6.70926996097583,5120000,auxiliary,15.0,0.6,1.5,6e-05,60.0,True,0.01735,8.5e-07,0.0005,400,True,1.0,accuracy_test,True,0,2618
iris_small_test,iris,0,128,22,0,20.0,6.70926996097583,5120000,auxiliary,15.0,0.6,1.5,6e-05,60.0,False,0.01735,8.5e-07,0.0005,400,True,0.9565217391304348,accuracy_test,True,0,2635
iris_small_test,iris,0,128,22,0,20.0,6.70926996097583,5120000,auxiliary,15.0,0.6,1.7,4e-05,40.0,True,0.01735,8.5e-07,0.0005,400,True,0.9565217391304348,accuracy_test,True,0,2652
iris_small_test,iris,0,128,22,0,20.0,6.70926996097583,5120000,auxiliary,15.0,0.6,1.7,4e-05,40.0,False,0.01735,8.5e-07,0.0005,400,True,1.0,accuracy_test,True,0,2669
iris_small_test,iris,0,128,22,0,20.0,6.70926996097583,5120000,auxiliary,15.0,0.6,1.7,5e-05,50.0,True,0.01735,8.5e-07,0.0005,400,True,1.0,accuracy_test,True,0,2686
iris_small_test,iris,0,128,22,0,20.0,6.70926996097583,5120000,auxiliary,15.0,0.6,1.7,5e-05,50.0,False,0.01735,8.5e-07,0.0005,400,True,1.0,accuracy_test,True,0,2703
iris_small_test,iris,0,128,22,0,20.0,6.70926996097583,5120000,auxiliary,15.0,0.6,1.7,6e-05,60.0,True,0.01735,8.5e-07,0.0005,400,True,1.0,accuracy_test,True,0,2720
iris_small_test,iris,0,128,22,0,20.0,6.70926996097583,5120000,auxiliary,15.0,0.6,1.7,6e-05,60.0,False,0.01735,8.5e-07,0.0005,400,True,1.0,accuracy_test,True,0,2737
iris_small_test,iris,0,128,22,0,20.0,6.70926996097583,5120000,auxiliary,18.0,0.4,1.3,4e-05,40.0,True,0.01735,8.5e-07,0.0005,400,True,1.0,accuracy_test,True,0,2754
iris_small_test,iris,0,128,22,0,20.0,6.70926996097583,5120000,auxiliary,18.0,0.4,1.3,4e-05,40.0,False,0.01735,8.5e-07,0.0005,400,True,0.9565217391304348,accuracy_test,True,0,2771
iris_small_test,iris,0,128,22,0,20.0,6.70926996097583,5120000,auxiliary,18.0,0.4,1.3,5e-05,50.0,True,0.01735,8.5e-07,0.0005,400,True,1.0,accuracy_test,True,0,2788
iris_small_test,iris,0,128,22,0,20.0,6.70926996097583,5120000,auxiliary,18.0,0.4,1.3,5e-05,50.0,False,0.01735,8.5e-07,0.0005,400,True,0.9565217391304348,accuracy_test,True,0,2805
iris_small_test,iris,0,128,22,0,20.0,6.70926996097583,5120000,auxiliary,18.0,0.4,1.3,6e-05,60.0,True,0.01735,8.5e-07,0.0005,400,True,1.0,accuracy_test,True,0,2822
iris_small_test,iris,0,128,22,0,20.0,6.70926996097583,5120000,auxiliary,18.0,0.4,1.3,6e-05,60.0,False,0.01735,8.5e-07,0.0005,400,True,0.9565217391304348,accuracy_test,True,0,2839
iris_small_test,iris,0,128,22,0,20.0,6.70926996097583,5120000,auxiliary,18.0,0.4,1.5,4e-05,40.0,True,0.01735,8.5e-07,0.0005,400,True,1.0,accuracy_test,True,0,2856
iris_small_test,iris,0,128,22,0,20.0,6.70926996097583,5120000,auxiliary,18.0,0.4,1.5,4e-05,40.0,False,0.01735,8.5e-07,0.0005,400,True,0.9565217391304348,accuracy_test,True,0,2873
iris_small_test,iris,0,128,22,0,20.0,6.70926996097583,5120000,auxiliary,18.0,0.4,1.5,5e-05,50.0,True,0.01735,8.5e-07,0.0005,400,True,1.0,accuracy_test,True,0,2890
iris_small_test,iris,0,128,22,0,20.0,6.70926996097583,5120000,auxiliary,18.0,0.4,1.5,5e-05,50.0,False,0.01735,8.5e-07,0.0005,400,True,1.0,accuracy_test,True,0,2907
iris_small_test,iris,0,128,22,0,20.0,6.70926996097583,5120000,auxiliary,18.0,0.4,1.5,6e-05,60.0,True,0.01735,8.5e-07,0.0005,400,True,1.0,accuracy_test,True,0,2924
iris_small_test,iris,0,128,22,0,20.0,6.70926996097583,5120000,auxiliary,18.0,0.4,1.5,6e-05,60.0,False,0.01735,8.5e-07,0.0005,400,True,1.0,accuracy_test,True,0,2941
iris_small_test,iris,0,128,22,0,20.0,6.70926996097583,5120000,auxiliary,18.0,0.4,1.7,4e-05,40.0,True,0.01735,8.5e-07,0.0005,400,True,0.9565217391304348,accuracy_test,True,0,2958
iris_small_test,iris,0,128,22,0,20.0,6.70926996097583,5120000,auxiliary,18.0,0.4,1.7,4e-05,40.0,False,0.01735,8.5e-07,0.0005,400,True,1.0,accuracy_test,True,0,2975
iris_small_test,iris,0,128,22,0,20.0,6.70926996097583,5120000,auxiliary,18.0,0.4,1.7,5e-05,50.0,True,0.01735,8.5e-07,0.0005,400,True,0.9565217391304348,accuracy_test,True,0,2992
iris_small_test,iris,0,128,22,0,20.0,6.70926996097583,5120000,auxiliary,18.0,0.4,1.7,5e-05,50.0,False,0.01735,8.5e-07,0.0005,400,True,1.0,accuracy_test,True,0,3009
iris_small_test,iris,0,128,22,0,20.0,6.70926996097583,5120000,auxiliary,18.0,0.4,1.7,6e-05,60.0,True,0.01735,8.5e-07,0.0005,400,True,1.0,accuracy_test,True,0,3026
iris_small_test,iris,0,128,22,0,20.0,6.70926996097583,5120000,auxiliary,18.0,0.4,1.7,6e-05,60.0,False,0.01735,8.5e-07,0.0005,400,True,1.0,accuracy_test,True,0,3043
iris_small_test,iris,0,128,22,0,20.0,6.70926996097583,5120000,auxiliary,18.0,0.5,1.3,4e-05,40.0,True,0.01735,8.5e-07,0.0005,400,True,1.0,accuracy_test,True,0,3060
iris_small_test,iris,0,128,22,0,20.0,6.70926996097583,5120000,auxiliary,18.0,0.5,1.3,4e-05,40.0,False,0.01735,8.5e-07,0.0005,400,True,1.0,accuracy_test,True,0,3077
iris_small_test,iris,0,128,22,0,20.0,6.70926996097583,5120000,auxiliary,18.0,0.5,1.3,5e-05,50.0,True,0.01735,8.5e-07,0.0005,400,True,1.0,accuracy_test,True,0,3094
iris_small_test,iris,0,128,22,0,20.0,6.70926996097583,5120000,auxiliary,18.0,0.5,1.3,5e-05,50.0,False,0.01735,8.5e-07,0.0005,400,True,1.0,accuracy_test,True,0,3111
iris_small_test,iris,0,128,22,0,20.0,6.70926996097583,5120000,auxiliary,18.0,0.5,1.3,6e-05,60.0,True,0.01735,8.5e-07,0.0005,400,True,1.0,accuracy_test,True,0,3128
iris_small_test,iris,0,128,22,0,20.0,6.70926996097583,5120000,auxiliary,18.0,0.5,1.3,6e-05,60.0,False,0.01735,8.5e-07,0.0005,400,True,1.0,accuracy_test,True,0,3145
iris_small_test,iris,0,128,22,0,20.0,6.70926996097583,5120000,auxiliary,18.0,0.5,1.5,4e-05,40.0,True,0.01735,8.5e-07,0.0005,400,True,0.9565217391304348,accuracy_test,True,0,3162
iris_small_test,iris,0,128,22,0,20.0,6.70926996097583,5120000,auxiliary,18.0,0.5,1.5,4e-05,40.0,False,0.01735,8.5e-07,0.0005,400,True,0.9565217391304348,accuracy_test,True,0,3179
iris_small_test,iris,0,128,22,0,20.0,6.70926996097583,5120000,auxiliary,18.0,0.5,1.5,5e-05,50.0,True,0.01735,8.5e-07,0.0005,400,True,0.9565217391304348,accuracy_test,True,0,3196
iris_small_test,iris,0,128,22,0,20.0,6.70926996097583,5120000,auxiliary,18.0,0.5,1.5,5e-05,50.0,False,0.01735,8.5e-07,0.0005,400,True,1.0,accuracy_test,True,0,3213
iris_small_test,iris,0,128,22,0,20.0,6.70926996097583,5120000,auxiliary,18.0,0.5,1.5,6e-05,60.0,True,0.01735,8.5e-07,0.0005,400,True,1.0,accuracy_test,True,0,3230
iris_small_test,iris,0,128,22,0,20.0,6.70926996097583,5120000,auxiliary,18.0,0.5,1.5,6e-05,60.0,False,0.01735,8.5e-07,0.0005,400,True,0.9565217391304348,accuracy_test,True,0,3247
iris_small_test,iris,0,128,22,0,20.0,6.70926996097583,5120000,auxiliary,18.0,0.5,1.7,4e-05,40.0,True,0.01735,8.5e-07,0.0005,400,True,1.0,accuracy_test,True,0,3264
iris_small_test,iris,0,128,22,0,20.0,6.70926996097583,5120000,auxiliary,18.0,0.5,1.7,4e-05,40.0,False,0.01735,8.5e-07,0.0005,400,True,0.9565217391304348,accuracy_test,True,0,3281
iris_small_test,iris,0,128,22,0,20.0,6.70926996097583,5120000,auxiliary,18.0,0.5,1.7,5e-05,50.0,True,0.01735,8.5e-07,0.0005,400,True,0.9565217391304348,accuracy_test,True,0,3298
iris_small_test,iris,0,128,22,0,20.0,6.70926996097583,5120000,auxiliary,18.0,0.5,1.7,5e-05,50.0,False,0.01735,8.5e-07,0.0005,400,True,0.9565217391304348,accuracy_test,True,0,3315
iris_small_test,iris,0,128,22,0,20.0,6.70926996097583,5120000,auxiliary,18.0,0.5,1.7,6e-05,60.0,True,0.01735,8.5e-07,0.0005,400,True,0.9565217391304348,accuracy_test,True,0,3332
iris_small_test,iris,0,128,22,0,20.0,6.70926996097583,5120000,auxiliary,18.0,0.5,1.7,6e-05,60.0,False,0.01735,8.5e-07,0.0005,400,True,1.0,accuracy_test,True,0,3349
iris_small_test,iris,0,128,22,0,20.0,6.70926996097583,5120000,auxiliary,18.0,0.6,1.3,4e-05,40.0,True,0.01735,8.5e-07,0.0005,400,True,0.9565217391304348,accuracy_test,True,0,3366
iris_small_test,iris,0,128,22,0,20.0,6.70926996097583,5120000,auxiliary,18.0,0.6,1.3,4e-05,40.0,False,0.01735,8.5e-07,0.0005,400,True,0.9565217391304348,accuracy_test,True,0,3383
iris_small_test,iris,0,128,22,0,20.0,6.70926996097583,5120000,auxiliary,18.0,0.6,1.3,5e-05,50.0,True,0.01735,8.5e-07,0.0005,400,True,0.9565217391304348,accuracy_test,True,0,3400
iris_small_test,iris,0,128,22,0,20.0,6.70926996097583,5120000,auxiliary,18.0,0.6,1.3,5e-05,50.0,False,0.01735,8.5e-07,0.0005,400,True,1.0,accuracy_test,True,0,3417
iris_small_test,iris,0,128,22,0,20.0,6.70926996097583,5120000,auxiliary,18.0,0.6,1.3,6e-05,60.0,True,0.01735,8.5e-07,0.0005,400,True,0.9130434782608695,accuracy_test,True,0,3434
iris_small_test,iris,0,128,22,0,20.0,6.70926996097583,5120000,auxiliary,18.0,0.6,1.3,6e-05,60.0,False,0.01735,8.5e-07,0.0005,400,True,1.0,accuracy_test,True,0,3451
iris_small_test,iris,0,128,22,0,20.0,6.70926996097583,5120000,auxiliary,18.0,0.6,1.5,4e-05,40.0,True,0.01735,8.5e-07,0.0005,400,True,0.9565217391304348,accuracy_test,True,0,3468
iris_small_test,iris,0,128,22,0,20.0,6.70926996097583,5120000,auxiliary,18.0,0.6,1.5,4e-05,40.0,False,0.01735,8.5e-07,0.0005,400,True,0.9565217391304348,accuracy_test,True,0,3485
iris_small_test,iris,0,128,22,0,20.0,6.70926996097583,5120000,auxiliary,18.0,0.6,1.5,5e-05,50.0,True,0.01735,8.5e-07,0.0005,400,True,1.0,accuracy_test,True,0,3502
iris_small_test,iris,0,128,22,0,20.0,6.70926996097583,5120000,auxiliary,18.0,0.6,1.5,5e-05,50.0,False,0.01735,8.5e-07,0.0005,400,True,0.9565217391304348,accuracy_test,True,0,3519
iris_small_test,iris,0,128,22,0,20.0,6.70926996097583,5120000,auxiliary,18.0,0.6,1.5,6e-05,60.0,True,0.01735,8.5e-07,0.0005,400,True,1.0,accuracy_test,True,0,3536
iris_small_test,iris,0,128,22,0,20.0,6.70926996097583,5120000,auxiliary,18.0,0.6,1.5,6e-05,60.0,False,0.01735,8.5e-07,0.0005,400,True,0.9565217391304348,accuracy_test,True,0,3553
iris_small_test,iris,0,128,22,0,20.0,6.70926996097583,5120000,auxiliary,18.0,0.6,1.7,4e-05,40.0,True,0.01735,8.5e-07,0.0005,400,True,0.9565217391304348,accuracy_test,True,0,3570
iris_small_test,iris,0,128,22,0,20.0,6.70926996097583,5120000,auxiliary,18.0,0.6,1.7,4e-05,40.0,False,0.01735,8.5e-07,0.0005,400,True,1.0,accuracy_test,True,0,3587
iris_small_test,iris,0,128,22,0,20.0,6.70926996097583,5120000,auxiliary,18.0,0.6,1.7,5e-05,50.0,True,0.01735,8.5e-07,0.0005,400,True,0.9565217391304348,accuracy_test,True,0,3604
iris_small_test,iris,0,128,22,0,20.0,6.70926996097583,5120000,auxiliary,18.0,0.6,1.7,5e-05,50.0,False,0.01735,8.5e-07,0.0005,400,True,0.9565217391304348,accuracy_test,True,0,3621
iris_small_test,iris,0,128,22,0,20.0,6.70926996097583,5120000,auxiliary,18.0,0.6,1.7,6e-05,60.0,True,0.01735,8.5e-07,0.0005,400,True,1.0,accuracy_test,True,0,3638
iris_small_test,iris,0,128,22,0,20.0,6.70926996097583,5120000,auxiliary,18.0,0.6,1.7,6e-05,60.0,False,0.01735,8.5e-07,0.0005,400,True,1.0,accuracy_test,True,0,3655
iris_small_test,iris,0,128,22,0,20.0,6.70926996097583,5120000,auxiliary,22.0,0.4,1.3,4e-05,40.0,True,0.01735,8.5e-07,0.0005,400,True,0.9130434782608695,accuracy_test,True,0,3672
iris_small_test,iris,0,128,22,0,20.0,6.70926996097583,5120000,auxiliary,22.0,0.4,1.3,4e-05,40.0,False,0.01735,8.5e-07,0.0005,400,True,0.9565217391304348,accuracy_test,True,0,3689
iris_small_test,iris,0,128,22,0,20.0,6.70926996097583,5120000,auxiliary,22.0,0.4,1.3,5e-05,50.0,True,0.01735,8.5e-07,0.0005,400,True,1.0,accuracy_test,True,0,3706
iris_small_test,iris,0,128,22,0,20.0,6.70926996097583,5120000,auxiliary,22.0,0.4,1.3,5e-05,50.0,False,0.01735,8.5e-07,0.0005,400,True,0.9565217391304348,accuracy_test,True,0,3723
iris_small_test,iris,0,128,22,0,20.0,6.70926996097583,5120000,auxiliary,22.0,0.4,1.3,6e-05,60.0,True,0.01735,8.5e-07,0.0005,400,True,0.9565217391304348,accuracy_test,True,0,3740
iris_small_test,iris,0,128,22,0,20.0,6.70926996097583,5120000,auxiliary,22.0,0.4,1.3,6e-05,60.0,False,0.01735,8.5e-07,0.0005,400,True,0.9565217391304348,accuracy_test,True,0,3757
iris_small_test,iris,0,128,22,0,20.0,6.70926996097583,5120000,auxiliary,22.0,0.4,1.5,4e-05,40.0,True,0.01735,8.5e-07,0.0005,400,True,1.0,accuracy_test,True,0,3774
iris_small_test,iris,0,128,22,0,20.0,6.70926996097583,5120000,auxiliary,22.0,0.4,1.5,4e-05,40.0,False,0.01735,8.5e-07,0.0005,400,True,1.0,accuracy_test,True,0,3791
iris_small_test,iris,0,128,22,0,20.0,6.70926996097583,5120000,auxiliary,22.0,0.4,1.5,5e-05,50.0,True,0.01735,8.5e-07,0.0005,400,True,1.0,accuracy_test,True,0,3808
iris_small_test,iris,0,128,22,0,20.0,6.70926996097583,5120000,auxiliary,22.0,0.4,1.5,5e-05,50.0,False,0.01735,8.5e-07,0.0005,400,True,1.0,accuracy_test,True,0,3825
iris_small_test,iris,0,128,22,0,20.0,6.70926996097583,5120000,auxiliary,22.0,0.4,1.5,6e-05,60.0,True,0.01735,8.5e-07,0.0005,400,True,1.0,accuracy_test,True,0,3842
iris_small_test,iris,0,128,22,0,20.0,6.70926996097583,5120000,auxiliary,22.0,0.4,1.5,6e-05,60.0,False,0.01735,8.5e-07,0.0005,400,True,1.0,accuracy_test,True,0,3859
iris_small_test,iris,0,128,22,0,20.0,6.70926996097583,5120000,auxiliary,22.0,0.4,1.7,4e-05,40.0,True,0.01735,8.5e-07,0.0005,400,True,0.9565217391304348,accuracy_test,True,0,3876
iris_small_test,iris,0,128,22,0,20.0,6.70926996097583,5120000,auxiliary,22.0,0.4,1.7,4e-05,40.0,False,0.01735,8.5e-07,0.0005,400,True,0.9565217391304348,accuracy_test,True,0,3893
iris_small_test,iris,0,128,22,0,20.0,6.70926996097583,5120000,auxiliary,22.0,0.4,1.7,5e-05,50.0,True,0.01735,8.5e-07,0.0005,400,True,0.9565217391304348,accuracy_test,True,0,3910
iris_small_test,iris,0,128,22,0,20.0,6.70926996097583,5120000,auxiliary,22.0,0.4,1.7,5e-05,50.0,False,0.01735,8.5e-07,0.0005,400,True,1.0,accuracy_test,True,0,3927
iris_small_test,iris,0,128,22,0,20.0,6.70926996097583,5120000,auxiliary,22.0,0.4,1.7,6e-05,60.0,True,0.01735,8.5e-07,0.0005,400,True,1.0,accuracy_test,True,0,3944
iris_small_test,iris,0,128,22,0,20.0,6.70926996097583,5120000,auxiliary,22.0,0.4,1.7,6e-05,60.0,False,0.01735,8.5e-07,0.0005,400,True,0.9565217391304348,accuracy_test,True,0,3961
iris_small_test,iris,0,128,22,0,20.0,6.70926996097583,5120000,auxiliary,22.0,0.5,1.3,4e-05,40.0,True,0.01735,8.5e-07,0.0005,400,True,1.0,accuracy_test,True,0,3978
iris_small_test,iris,0,128,22,0,20.0,6.70926996097583,5120000,auxiliary,22.0,0.5,1.3,4e-05,40.0,False,0.01735,8.5e-07,0.0005,400,True,1.0,accuracy_test,True,0,3995
iris_small_test,iris,0,128,22,0,20.0,6.70926996097583,5120000,auxiliary,22.0,0.5,1.3,5e-05,50.0,True,0.01735,8.5e-07,0.0005,400,True,0.9565217391304348,accuracy_test,True,0,4012
iris_small_test,iris,0,128,22,0,20.0,6.70926996097583,5120000,auxiliary,22.0,0.5,1.3,5e-05,50.0,False,0.01735,8.5e-07,0.0005,400,True,1.0,accuracy_test,True,0,4029
iris_small_test,iris,0,128,22,0,20.0,6.70926996097583,5120000,auxiliary,22.0,0.5,1.3,6e-05,60.0,True,0.01735,8.5e-07,0.0005,400,True,1.0,accuracy_test,True,0,4046
iris_small_test,iris,0,128,22,0,20.0,6.70926996097583,5120000,auxiliary,22.0,0.5,1.3,6e-05,60.0,False,0.01735,8.5e-07,0.0005,400,True,0.9565217391304348,accuracy_test,True,0,4063
iris_small_test,iris,0,128,22,0,20.0,6.70926996097583,5120000,auxiliary,22.0,0.5,1.5,4e-05,40.0,True,0.01735,8.5e-07,0.0005,400,True,0.9565217391304348,accuracy_test,True,0,4080
iris_small_test,iris,0,128,22,0,20.0,6.70926996097583,5120000,auxiliary,22.0,0.5,1.5,4e-05,40.0,False,0.01735,8.5e-07,0.0005,400,True,0.9565217391304348,accuracy_test,True,0,4097
iris_small_test,iris,0,128,22,0,20.0,6.70926996097583,5120000,auxiliary,22.0,0.5,1.5,5e-05,50.0,True,0.01735,8.5e-07,0.0005,400,True,1.0,accuracy_test,True,0,4114
iris_small_test,iris,0,128,22,0,20.0,6.70926996097583,5120000,auxiliary,22.0,0.5,1.5,5e-05,50.0,False,0.01735,8.5e-07,0.0005,400,True,1.0,accuracy_test,True,0,4131
iris_small_test,iris,0,128,22,0,20.0,6.70926996097583,5120000,auxiliary,22.0,0.5,1.5,6e-05,60.0,True,0.01735,8.5e-07,0.0005,400,True,1.0,accuracy_test,True,0,4148
iris_small_test,iris,0,128,22,0,20.0,6.70926996097583,5120000,auxiliary,22.0,0.5,1.5,6e-05,60.0,False,0.01735,8.5e-07,0.0005,400,True,0.9565217391304348,accuracy_test,True,0,4165
iris_small_test,iris,0,128,22,0,20.0,6.70926996097583,5120000,auxiliary,22.0,0.5,1.7,4e-05,40.0,True,0.01735,8.5e-07,0.0005,400,True,0.9565217391304348,accuracy_test,True,0,4182
iris_small_test,iris,0,128,22,0,20.0,6.70926996097583,5120000,auxiliary,22.0,0.5,1.7,4e-05,40.0,False,0.01735,8.5e-07,0.0005,400,True,1.0,accuracy_test,True,0,4199
iris_small_test,iris,0,128,22,0,20.0,6.70926996097583,5120000,auxiliary,22.0,0.5,1.7,5e-05,50.0,True,0.01735,8.5e-07,0.0005,400,True,0.9565217391304348,accuracy_test,True,0,4216
iris_small_test,iris,0,128,22,0,20.0,6.70926996097583,5120000,auxiliary,22.0,0.5,1.7,5e-05,50.0,False,0.01735,8.5e-07,0.0005,400,True,0.9565217391304348,accuracy_test,True,0,4233
iris_small_test,iris,0,128,22,0,20.0,6.70926996097583,5120000,auxiliary,22.0,0.5,1.7,6e-05,60.0,True,0.01735,8.5e-07,0.0005,400,True,0.9565217391304348,accuracy_test,True,0,4250
iris_small_test,iris,0,128,22,0,20.0,6.70926996097583,5120000,auxiliary,22.0,0.5,1.7,6e-05,60.0,False,0.01735,8.5e-07,0.0005,400,True,1.0,accuracy_test,True,0,4267
iris_small_test,iris,0,128,22,0,20.0,6.70926996097583,5120000,auxiliary,22.0,0.6,1.3,4e-05,40.0,True,0.01735,8.5e-07,0.0005,400,True,0.9130434782608695,accuracy_test,True,0,4284
iris_small_test,iris,0,128,22,0,20.0,6.70926996097583,5120000,auxiliary,22.0,0.6,1.3,4e-05,40.0,False,0.01735,8.5e-07,0.0005,400,True,1.0,accuracy_test,True,0,4301
iris_small_test,iris,0,128,22,0,20.0,6.70926996097583,5120000,auxiliary,22.0,0.6,1.3,5e-05,50.0,True,0.01735,8.5e-07,0.0005,400,True,0.9565217391304348,accuracy_test,True,0,4318
iris_small_test,iris,0,128,22,0,20.0,6.70926996097583,5120000,auxiliary,22.0,0.6,1.3,5e-05,50.0,False,0.01735,8.5e-07,0.0005,400,True,1.0,accuracy_test,True,0,4335
iris_small_test,iris,0,128,22,0,20.0,6.70926996097583,5120000,auxiliary,22.0,0.6,1.3,6e-05,60.0,True,0.01735,8.5e-07,0.0005,400,True,0.9565217391304348,accuracy_test,True,0,4352
iris_small_test,iris,0,128,22,0,20.0,6.70926996097583,5120000,auxiliary,22.0,0.6,1.3,6e-05,60.0,False,0.01735,8.5e-07,0.0005,400,True,1.0,accuracy_test,True,0,4369
iris_small_test,iris,0,128,22,0,20.0,6.70926996097583,5120000,auxiliary,22.0,0.6,1.5,4e-05,40.0,True,0.01735,8.5e-07,0.0005,400,True,0.9565217391304348,accuracy_test,True,0,4386
iris_small_test,iris,0,128,22,0,20.0,6.70926996097583,5120000,auxiliary,22.0,0.6,1.5,4e-05,40.0,False,0.01735,8.5e-07,0.0005,400,True,0.9565217391304348,accuracy_test,True,0,4403
iris_small_test,iris,0,128,22,0,20.0,6.70926996097583,5120000,auxiliary,22.0,0.6,1.5,5e-05,50.0,True,0.01735,8.5e-07,0.0005,400,True,1.0,accuracy_test,True,0,4420
iris_small_test,iris,0,128,22,0,20.0,6.70926996097583,5120000,auxiliary,22.0,0.6,1.5,5e-05,50.0,False,0.01735,8.5e-07,0.0005,400,True,1.0,accuracy_test,True,0,4437
iris_small_test,iris,0,128,22,0,20.0,6.70926996097583,5120000,auxiliary,22.0,0.6,1.5,6e-05,60.0,True,0.01735,8.5e-07,0.0005,400,True,1.0,accuracy_test,True,0,4454
iris_small_test,iris,0,128,22,0,20.0,6.70926996097583,5120000,auxiliary,22.0,0.6,1.5,6e-05,60.0,False,0.01735,8.5e-07,0.0005,400,True,0.9565217391304348,accuracy_test,True,0,4471
iris_small_test,iris,0,128,22,0,20.0,6.70926996097583,5120000,auxiliary,22.0,0.6,1.7,4e-05,40.0,True,0.01735,8.5e-07,0.0005,400,True,1.0,accuracy_test,True,0,4488
iris_small_test,iris,0,128,22,0,20.0,6.70926996097583,5120000,auxiliary,22.0,0.6,1.7,4e-05,40.0,False,0.01735,8.5e-07,0.0005,400,True,1.0,accuracy_test,True,0,4505
iris_small_test,iris,0,128,22,0,20.0,6.70926996097583,5120000,auxiliary,22.0,0.6,1.7,5e-05,50.0,True,0.01735,8.5e-07,0.0005,400,True,1.0,accuracy_test,True,0,4522
iris_small_test,iris,0,128,22,0,20.0,6.70926996097583,5120000,auxiliary,22.0,0.6,1.7,5e-05,50.0,False,0.01735,8.5e-07,0.0005,400,True,1.0,accuracy_test,True,0,4539
iris_small_test,iris,0,128,22,0,20.0,6.70926996097583,5120000,auxiliary,22.0,0.6,1.7,6e-05,60.0,True,0.01735,8.5e-07,0.0005,400,True,1.0,accuracy_test,True,0,4556
iris_small_test,iris,0,128,22,0,20.0,6.70926996097583,5120000,auxiliary,22.0,0.6,1.7,6e-05,60.0,False,0.01735,8.5e-07,0.0005,400,True,1.0,accuracy_test,True,0,4573
iris_small_test,iris,0,128,22,0,20.0,6.70926996097583,5120000,chain,8.0,0.4,1.3,4e-05,40.0,True,0.01735,8.5e-07,0.0005,400,True,0.9130434782608695,accuracy_test,True,0,4590
iris_small_test,iris,0,128,22,0,20.0,6.70926996097583,5120000,chain,8.0,0.4,1.3,4e-05,40.0,False,0.01735,8.5e-07,0.0005,400,True,0.9565217391304348,accuracy_test,True,0,4607
iris_small_test,iris,0,128,22,0,20.0,6.70926996097583,5120000,chain,8.0,0.4,1.3,5e-05,50.0,True,0.01735,8.5e-07,0.0005,400,True,0.9130434782608695,accuracy_test,True,0,4624
iris_small_test,iris,0,128,22,0,20.0,6.70926996097583,5120000,chain,8.0,0.4,1.3,5e-05,50.0,False,0.01735,8.5e-07,0.0005,400,True,0.9565217391304348,accuracy_test,True,0,4641
iris_small_test,iris,0,128,22,0,20.0,6.70926996097583,5120000,chain,8.0,0.4,1.3,6e-05,60.0,True,0.01735,8.5e-07,0.0005,400,True,0.9130434782608695,accuracy_test,True,0,4658
iris_small_test,iris,0,128,22,0,20.0,6.70926996097583,5120000,chain,8.0,0.4,1.3,6e-05,60.0,False,0.01735,8.5e-07,0.0005,400,True,0.9565217391304348,accuracy_test,True,0,4675
iris_small_test,iris,0,128,22,0,20.0,6.70926996097583,5120000,chain,8.0,0.4,1.5,4e-05,40.0,True,0.01735,8.5e-07,0.0005,400,True,1.0,accuracy_test,True,0,4692
iris_small_test,iris,0,128,22,0,20.0,6.70926996097583,5120000,chain,8.0,0.4,1.5,4e-05,40.0,False,0.01735,8.5e-07,0.0005,400,True,1.0,accuracy_test,True,0,4709
iris_small_test,iris,0,128,22,0,20.0,6.70926996097583,5120000,chain,8.0,0.4,1.5,5e-05,50.0,True,0.01735,8.5e-07,0.0005,400,True,1.0,accuracy_test,True,0,4726
iris_small_test,iris,0,128,22,0,20.0,6.70926996097583,5120000,chain,8.0,0.4,1.5,5e-05,50.0,False,0.01735,8.5e-07,0.0005,400,True,1.0,accuracy_test,True,0,4743
iris_small_test,iris,0,128,22,0,20.0,6.70926996097583,5120000,chain,8.0,0.4,1.5,6e-05,60.0,True,0.01735,8.5e-07,0.0005,400,True,1.0,accuracy_test,True,0,4760
iris_small_test,iris,0,128,22,0,20.0,6.70926996097583,5120000,chain,8.0,0.4,1.5,6e-05,60.0,False,0.01735,8.5e-07,0.0005,400,True,1.0,accuracy_test,True,0,4777
iris_small_test,iris,0,128,22,0,20.0,6.70926996097583,5120000,chain,8.0,0.4,1.7,4e-05,40.0,True,0.01735,8.5e-07,0.0005,400,True,1.0,accuracy_test,True,0,4794
iris_small_test,iris,0,128,22,0,20.0,6.70926996097583,5120000,chain,8.0,0.4,1.7,4e-05,40.0,False,0.01735,8.5e-07,0.0005,400,True,1.0,accuracy_test,True,0,4811
iris_small_test,iris,0,128,22,0,20.0,6.70926996097583,5120000,chain,8.0,0.4,1.7,5e-05,50.0,True,0.01735,8.5e-07,0.0005,400,True,1.0,accuracy_test,True,0,4828
iris_small_test,iris,0,128,22,0,20.0,6.70926996097583,5120000,chain,8.0,0.4,1.7,5e-05,50.0,False,0.01735,8.5e-07,0.0005,400,True,1.0,accuracy_test,True,0,4845
iris_small_test,iris,0,128,22,0,20.0,6.70926996097583,5120000,chain,8.0,0.4,1.7,6e-05,60.0,True,0.01735,8.5e-07,0.0005,400,True,1.0,accuracy_test,True,0,4862
iris_small_test,iris,0,128,22,0,20.0,6.70926996097583,5120000,chain,8.0,0.4,1.7,6e-05,60.0,False,0.01735,8.5e-07,0.0005,400,True,1.0,accuracy_test,True,0,4879
iris_small_test,iris,0,128,22,0,20.0,6.70926996097583,5120000,chain,8.0,0.5,1.3,4e-05,40.0,True,0.01735,8.5e-07,0.0005,400,True,0.9565217391304348,accuracy_test,True,0,4896
iris_small_test,iris,0,128,22,0,20.0,6.70926996097583,5120000,chain,8.0,0.5,1.3,4e-05,40.0,False,0.01735,8.5e-07,0.0005,400,True,1.0,accuracy_test,True,0,4913
iris_small_test,iris,0,128,22,0,20.0,6.70926996097583,5120000,chain,8.0,0.5,1.3,5e-05,50.0,True,0.01735,8.5e-07,0.0005,400,True,0.9565217391304348,accuracy_test,True,0,4930
iris_small_test,iris,0,128,22,0,20.0,6.70926996097583,5120000,chain,8.0,0.5,1.3,5e-05,50.0,False,0.01735,8.5e-07,0.0005,400,True,0.9565217391304348,accuracy_test,True,0,4947
iris_small_test,iris,0,128,22,0,20.0,6.70926996097583,5120000,chain,8.0,0.5,1.3,6e-05,60.0,True,0.01735,8.5e-07,0.0005,400,True,0.9565217391304348,accuracy_test,True,0,4964
iris_small_test,iris,0,128,22,0,20.0,6.70926996097583,5120000,chain,8.0,0.5,1.3,6e-05,60.0,False,0.01735,8.5e-07,0.0005,400,True,1.0,accuracy_test,True,0,4981
iris_small_test,iris,0,128,22,0,20.0,6.70926996097583,5120000,chain,8.0,0.5,1.5,4e-05,40.0,True,0.01735,8.5e-07,0.0005,400,True,1.0,accuracy_test,True,0,4998
iris_small_test,iris,0,128,22,0,20.0,6.70926996097583,5120000,chain,8.0,0.5,1.5,4e-05,40.0,False,0.01735,8.5e-07,0.0005,400,True,0.9565217391304348,accuracy_test,True,0,5015
iris_small_test,iris,0,128,22,0,20.0,6.70926996097583,5120000,chain,8.0,0.5,1.5,5e-05,50.0,True,0.01735,8.5e-07,0.0005,400,True,1.0,accuracy_test,True,0,5032
iris_small_test,iris,0,128,22,0,20.0,6.70926996097583,5120000,chain,8.0,0.5,1.5,5e-05,50.0,False,0.01735,8.5e-07,0.0005,400,True,0.9565217391304348,accuracy_test,True,0,5049
iris_small_test,iris,0,128,22,0,20.0,6.70926996097583,5120000,chain,8.0,0.5,1.5,6e-05,60.0,True,0.01735,8.5e-07,0.0005,400,True,1.0,accuracy_test,True,0,5066
iris_small_test,iris,0,128,22,0,20.0,6.70926996097583,5120000,chain,8.0,0.5,1.5,6e-05,60.0,False,0.01735,8.5e-07,0.0005,400,True,0.9565217391304348,accuracy_test,True,0,5083
iris_small_test,iris,0,128,22,0,20.0,6.70926996097583,5120000,chain,8.0,0.5,1.7,4e-05,40.0,True,0.01735,8.5e-07,0.0005,400,True,1.0,accuracy_test,True,0,5100
iris_small_test,iris,0,128,22,0,20.0,6.70926996097583,5120000,chain,8.0,0.5,1.7,4e-05,40.0,False,0.01735,8.5e-07,0.0005,400,True,0.9565217391304348,accuracy_test,True,0,5117
iris_small_test,iris,0,128,22,0,20.0,6.70926996097583,5120000,chain,8.0,0.5,1.7,5e-05,50.0,True,0.01735,8.5e-07,0.0005,400,True,1.0,accuracy_test,True,0,5134
iris_small_test,iris,0,128,22,0,20.0,6.70926996097583,5120000,chain,8.0,0.5,1.7,5e-05,50.0,False,0.01735,8.5e-07,0.0005,400,True,0.9565217391304348,accuracy_test,True,0,5151
iris_small_test,iris,0,128,22,0,20.0,6.70926996097583,5120000,chain,8.0,0.5,1.7,6e-05,60.0,True,0.01735,8.5e-07,0.0005,400,True,1.0,accuracy_test,True,0,5168
iris_small_test,iris,0,128,22,0,20.0,6.70926996097583,5120000,chain,8.0,0.5,1.7,6e-05,60.0,False,0.01735,8.5e-07,0.0005,400,True,0.9565217391304348,accuracy_test,True,0,5185
iris_small_test,iris,0,128,22,0,20.0,6.70926996097583,5120000,chain,8.0,0.6,1.3,4e-05,40.0,True,0.01735,8.5e-07,0.0005,400,True,0.9565217391304348,accuracy_test,True,0,5202
iris_small_test,iris,0,128,22,0,20.0,6.70926996097583,5120000,chain,8.0,0.6,1.3,4e-05,40.0,False,0.01735,8.5e-07,0.0005,400,True,1.0,accuracy_test,True,0,5219
iris_small_test,iris,0,128,22,0,20.0,6.70926996097583,5120000,chain,8.0,0.6,1.3,5e-05,50.0,True,0.01735,8.5e-07,0.0005,400,True,0.9565217391304348,accuracy_test,True,0,5236
iris_small_test,iris,0,128,22,0,20.0,6.70926996097583,5120000,chain,8.0,0.6,1.3,5e-05,50.0,False,0.01735,8.5e-07,0.0005,400,True,1.0,accuracy_test,True,0,5253
iris_small_test,iris,0,128,22,0,20.0,6.70926996097583,5120000,chain,8.0,0.6,1.3,6e-05,60.0,True,0.01735,8.5e-07,0.0005,400,True,0.9130434782608695,accuracy_test,True,0,5270
iris_small_test,iris,0,128,22,0,20.0,6.70926996097583,5120000,chain,8.0,0.6,1.3,6e-05,60.0,False,0.01735,8.5e-07,0.0005,400,True,1.0,accuracy_test,True,0,5287
iris_small_test,iris,0,128,22,0,20.0,6.70926996097583,5120000,chain,8.0,0.6,1.5,4e-05,40.0,True,0.01735,8.5e-07,0.0005,400,True,1.0,accuracy_test,True,0,5304
iris_small_test,iris,0,128,22,0,20.0,6.70926996097583,5120000,chain,8.0,0.6,1.5,4e-05,40.0,False,0.01735,8.5e-07,0.0005,400,True,0.9565217391304348,accuracy_test,True,0,5321
iris_small_test,iris,0,128,22,0,20.0,6.70926996097583,5120000,chain,8.0,0.6,1.5,5e-05,50.0,True,0.01735,8.5e-07,0.0005,400,True,1.0,accuracy_test,True,0,5338
iris_small_test,iris,0,128,22,0,20.0,6.70926996097583,5120000,chain,8.0,0.6,1.5,5e-05,50.0,False,0.01735,8.5e-07,0.0005,400,True,0.9565217391304348,accuracy_test,True,0,5355
iris_small_test,iris,0,128,22,0,20.0,6.70926996097583,5120000,chain,8.0,0.6,1.5,6e-05,60.0,True,0.01735,8.5e-07,0.0005,400,True,0.9565217391304348,accuracy_test,True,0,5372
iris_small_test,iris,0,128,22,0,20.0,6.70926996097583,5120000,chain,8.0,0.6,1.5,6e-05,60.0,False,0.01735,8.5e-07,0.0005,400,True,0.9565217391304348,accuracy_test,True,0,5389
iris_small_test,iris,0,128,22,0,20.0,6.70926996097583,5120000,chain,8.0,0.6,1.7,4e-05,40.0,True,0.01735,8.5e-07,0.0005,400,True,1.0,accuracy_test,True,0,5406
iris_small_test,iris,0,128,22,0,20.0,6.70926996097583,5120000,chain,8.0,0.6,1.7,4e-05,40.0,False,0.01735,8.5e-07,0.0005,400,True,1.0,accuracy_test,True,0,5423
iris_small_test,iris,0,128,22,0,20.0,6.70926996097583,5120000,chain,8.0,0.6,1.7,5e-05,50.0,True,0.01735,8.5e-07,0.0005,400,True,0.9565217391304348,accuracy_test,True,0,5440
iris_small_test,iris,0,128,22,0,20.0,6.70926996097583,5120000,chain,8.0,0.6,1.7,5e-05,50.0,False,0.01735,8.5e-07,0.0005,400,True,1.0,accuracy_test,True,0,5457
iris_small_test,iris,0,128,22,0,20.0,6.70926996097583,5120000,chain,8.0,0.6,1.7,6e-05,60.0,True,0.01735,8.5e-07,0.0005,400,True,1.0,accuracy_test,True,0,5474
iris_small_test,iris,0,128,22,0,20.0,6.70926996097583,5120000,chain,8.0,0.6,1.7,6e-05,60.0,False,0.01735,8.5e-07,0.0005,400,True,1.0,accuracy_test,True,0,5491
iris_small_test,iris,0,128,22,0,20.0,6.70926996097583,5120000,chain,12.0,0.4,1.3,4e-05,40.0,True,0.01735,8.5e-07,0.0005,400,True,0.9130434782608695,accuracy_test,True,0,5508
iris_small_test,iris,0,128,22,0,20.0,6.70926996097583,5120000,chain,12.0,0.4,1.3,4e-05,40.0,False,0.01735,8.5e-07,0.0005,400,True,0.9565217391304348,accuracy_test,True,0,5525
iris_small_test,iris,0,128,22,0,20.0,6.70926996097583,5120000,chain,12.0,0.4,1.3,5e-05,50.0,True,0.01735,8.5e-07,0.0005,400,True,0.9130434782608695,accuracy_test,True,0,5542
iris_small_test,iris,0,128,22,0,20.0,6.70926996097583,5120000,chain,12.0,0.4,1.3,5e-05,50.0,False,0.01735,8.5e-07,0.0005,400,True,0.9565217391304348,accuracy_test,True,0,5559
iris_small_test,iris,0,128,22,0,20.0,6.70926996097583,5120000,chain,12.0,0.4,1.3,6e-05,60.0,True,0.01735,8.5e-07,0.0005,400,True,0.9130434782608695,accuracy_test,True,0,5576
iris_small_test,iris,0,128,22,0,20.0,6.70926996097583,5120000,chain,12.0,0.4,1.3,6e-05,60.0,False,0.01735,8.5e-07,0.0005,400,True,0.9565217391304348,accuracy_test,True,0,5593
iris_small_test,iris,0,128,22,0,20.0,6.70926996097583,5120000,chain,12.0,0.4,1.5,4e-05,40.0,True,0.01735,8.5e-07,0.0005,400,True,1.0,accuracy_test,True,0,5610
iris_small_test,iris,0,128,22,0,20.0,6.70926996097583,5120000,chain,12.0,0.4,1.5,4e-05,40.0,False,0.01735,8.5e-07,0.0005,400,True,1.0,accuracy_test,True,0,5627
iris_small_test,iris,0,128,22,0,20.0,6.70926996097583,5120000,chain,12.0,0.4,1.5,5e-05,50.0,True,0.01735,8.5e-07,0.0005,400,True,1.0,accuracy_test,True,0,5644
iris_small_test,iris,0,128,22,0,20.0,6.70926996097583,5120000,chain,12.0,0.4,1.5,5e-05,50.0,False,0.01735,8.5e-07,0.0005,400,True,1.0,accuracy_test,True,0,5661
iris_small_test,iris,0,128,22,0,20.0,6.70926996097583,5120000,chain,12.0,0.4,1.5,6e-05,60.0,True,0.01735,8.5e-07,0.0005,400,True,1.0,accuracy_test,True,0,5678
iris_small_test,iris,0,128,22,0,20.0,6.70926996097583,5120000,chain,12.0,0.4,1.5,6e-05,60.0,False,0.01735,8.5e-07,0.0005,400,True,1.0,accuracy_test,True,0,5695
iris_small_test,iris,0,128,22,0,20.0,6.70926996097583,5120000,chain,12.0,0.4,1.7,4e-05,40.0,True,0.01735,8.5e-07,0.0005,400,True,1.0,accuracy_test,True,0,5712
iris_small_test,iris,0,128,22,0,20.0,6.70926996097583,5120000,chain,12.0,0.4,1.7,4e-05,40.0,False,0.01735,8.5e-07,0.0005,400,True,1.0,accuracy_test,True,0,5729
iris_small_test,iris,0,128,22,0,20.0,6.70926996097583,5120000,chain,12.0,0.4,1.7,5e-05,50.0,True,0.01735,8.5e-07,0.0005,400,True,1.0,accuracy_test,True,0,5746
iris_small_test,iris,0,128,22,0,20.0,6.70926996097583,5120000,chain,12.0,0.4,1.7,5e-05,50.0,False,0.01735,8.5e-07,0.0005,400,True,1.0,accuracy_test,True,0,5763
iris_small_test,iris,0,128,22,0,20.0,6.70926996097583,5120000,chain,12.0,0.4,1.7,6e-05,60.0,True,0.01735,8.5e-07,0.0005,400,True,1.0,accuracy_test,True,0,5780
iris_small_test,iris,0,128,22,0,20.0,6.70926996097583,5120000,chain,12.0,0.4,1.7,6e-05,60.0,False,0.01735,8.5e-07,0.0005,400,True,1.0,accuracy_test,True,0,5797
iris_small_test,iris,0,128,22,0,20.0,6.70926996097583,5120000,chain,12.0,0.5,1.3,4e-05,40.0,True,0.01735,8.5e-07,0.0005,400,True,0.9565217391304348,accuracy_test,True,0,5814
iris_small_test,iris,0,128,22,0,20.0,6.70926996097583,5120000,chain,12.0,0.5,1.3,4e-05,40.0,False,0.01735,8.5e-07,0.0005,400,True,1.0,accuracy_test,True,0,5831
iris_small_test,iris,0,128,22,0,20.0,6.70926996097583,5120000,chain,12.0,0.5,1.3,5e-05,50.0,True,0.01735,8.5e-07,0.0005,400,True,0.9565217391304348,accuracy_test,True,0,5848
iris_small_test,iris,0,128,22,0,20.0,6.70926996097583,5120000,chain,12.0,0.5,1.3,5e-05,50.0,False,0.01735,8.5e-07,0.0005,400,True,1.0,accuracy_test,True,0,5865
iris_small_test,iris,0,128,22,0,20.0,6.70926996097583,5120000,chain,12.0,0.5,1.3,6e-05,60.0,True,0.01735,8.5e-07,0.0005,400,True,0.9565217391304348,accuracy_test,True,0,5882
iris_small_test,iris,0,128,22,0,20.0,6.70926996097583,5120000,chain,12.0,0.5,1.3,6e-05,60.0,False,0.01735,8.5e-07,0.0005,400,True,1.0,accuracy_test,True,0,5899
iris_small_test,iris,0,128,22,0,20.0,6.70926996097583,5120000,chain,12.0,0.5,1.5,4e-05,40.0,True,0.01735,8.5e-07,0.0005,400,True,1.0,accuracy_test,True,0,5916
iris_small_test,iris,0,128,22,0,20.0,6.70926996097583,5120000,chain,12.0,0.5,1.5,4e-05,40.0,False,0.01735,8.5e-07,0.0005,400,True,0.9565217391304348,accuracy_test,True,0,5933
iris_small_test,iris,0,128,22,0,20.0,6.70926996097583,5120000,chain,12.0,0.5,1.5,5e-05,50.0,True,0.01735,8.5e-07,0.0005,400,True,1.0,accuracy_test,True,0,5950
iris_small_test,iris,0,128,22,0,20.0,6.70926996097583,5120000,chain,12.0,0.5,1.5,5e-05,50.0,False,0.01735,8.5e-07,0.0005,400,True,0.9565217391304348,accuracy_test,True,0,5967
iris_small_test,iris,0,128,22,0,20.0,6.70926996097583,5120000,chain,12.0,0.5,1.5,6e-05,60.0,True,0.01735,8.5e-07,0.0005,400,True,1.0,accuracy_test,True,0,5984
iris_small_test,iris,0,128,22,0,20.0,6.70926996097583,5120000,chain,12.0,0.5,1.5,6e-05,60.0,False,0.01735,8.5e-07,0.0005,400,True,0.9565217391304348,accuracy_test,True,0,6001
iris_small_test,iris,0,128,22,0,20.0,6.70926996097583,5120000,chain,12.0,0.5,1.7,4e-05,40.0,True,0.01735,8.5e-07,0.0005,400,True,1.0,accuracy_test,True,0,6018
iris_small_test,iris,0,128,22,0,20.0,6.70926996097583,5120000,chain,12.0,0.5,1.7,4e-05,40.0,False,0.01735,8.5e-07,0.0005,400,True,0.9565217391304348,accuracy_test,True,0,6035
iris_small_test,iris,0,128,22,0,20.0,6.70926996097583,5120000,chain,12.0,0.5,1.7,5e-05,50.0,True,0.01735,8.5e-07,0.0005,400,True,1.0,accuracy_test,True,0,6052
iris_small_test,iris,0,128,22,0,20.0,6.70926996097583,5120000,chain,12.0,0.5,1.7,5e-05,50.0,False,0.01735,8.5e-07,0.0005,400,True,0.9565217391304348,accuracy_test,True,0,6069
iris_small_test,iris,0,128,22,0,20.0,6.70926996097583,5120000,chain,12.0,0.5,1.7,6e-05,60.0,True,0.01735,8.5e-07,0.0005,400,True,0.9565217391304348,accuracy_test,True,0,6086
iris_small_test,iris,0,128,22,0,20.0,6.70926996097583,5120000,chain,12.0,0.5,1.7,6e-05,60.0,False,0.01735,8.5e-07,0.0005,400,True,0.9565217391304348,accuracy_test,True,0,6103
iris_small_test,iris,0,128,22,0,20.0,6.70926996097583,5120000,chain,12.0,0.6,1.3,4e-05,40.0,True,0.01735,8.5e-07,0.0005,400,True,0.9565217391304348,accuracy_test,True,0,6120
iris_small_test,iris,0,128,22,0,20.0,6.70926996097583,5120000,chain,12.0,0.6,1.3,4e-05,40.0,False,0.01735,8.5e-07,0.0005,400,True,1.0,accuracy_test,True,0,6137
iris_small_test,iris,0,128,22,0,20.0,6.70926996097583,5120000,chain,12.0,0.6,1.3,5e-05,50.0,True,0.01735,8.5e-07,0.0005,400,True,0.9565217391304348,accuracy_test,True,0,6154
iris_small_test,iris,0,128,22,0,20.0,6.70926996097583,5120000,chain,12.0,0.6,1.3,5e-05,50.0,False,0.01735,8.5e-07,0.0005,400,True,1.0,accuracy_test,True,0,6171
iris_small_test,iris,0,128,22,0,20.0,6.70926996097583,5120000,chain,12.0,0.6,1.3,6e-05,60.0,True,0.01735,8.5e-07,0.0005,400,True,0.9565217391304348,accuracy_test,True,0,6188
iris_small_test,iris,0,128,22,0,20.0,6.70926996097583,5120000,chain,12.0,0.6,1.3,6e-05,60.0,False,0.01735,8.5e-07,0.0005,400,True,1.0,accuracy_test,True,0,6205
iris_small_test,iris,0,128,22,0,20.0,6.70926996097583,5120000,chain,12.0,0.6,1.5,4e-05,40.0,True,0.01735,8.5e-07,0.0005,400,True,1.0,accuracy_test,True,0,6222
iris_small_test,iris,0,128,22,0,20.0,6.70926996097583,5120000,chain,12.0,0.6,1.5,4e-05,40.0,False,0.01735,8.5e-07,0.0005,400,True,0.9565217391304348,accuracy_test,True,0,6239
iris_small_test,iris,0,128,22,0,20.0,6.70926996097583,5120000,chain,12.0,0.6,1.5,5e-05,50.0,True,0.01735,8.5e-07,0.0005,400,True,1.0,accuracy_test,True,0,6256
iris_small_test,iris,0,128,22,0,20.0,6.70926996097583,5120000,chain,12.0,0.6,1.5,5e-05,50.0,False,0.01735,8.5e-07,0.0005,400,True,0.9565217391304348,accuracy_test,True,0,6273
iris_small_test,iris,0,128,22,0,20.0,6.70926996097583,5120000,chain,12.0,0.6,1.5,6e-05,60.0,True,0.01735,8.5e-07,0.0005,400,True,1.0,accuracy_test,True,0,6290
iris_small_test,iris,0,128,22,0,20.0,6.70926996097583,5120000,chain,12.0,0.6,1.5,6e-05,60.0,False,0.01735,8.5e-07,0.0005,400,True,0.9565217391304348,accuracy_test,True,0,6307
iris_small_test,iris,0,128,22,0,20.0,6.70926996097583,5120000,chain,12.0,0.6,1.7,4e-05,40.0,True,0.01735,8.5e-07,0.0005,400,True,1.0,accuracy_test,True,0,6324
iris_small_test,iris,0,128,22,0,20.0,6.70926996097583,5120000,chain,12.0,0.6,1.7,4e-05,40.0,False,0.01735,8.5e-07,0.0005,400,True,1.0,accuracy_test,True,0,6341
iris_small_test,iris,0,128,22,0,20.0,6.70926996097583,5120000,chain,12.0,0.6,1.7,5e-05,50.0,True,0.01735,8.5e-07,0.0005,400,True,1.0,accuracy_test,True,0,6358
iris_small_test,iris,0,128,22,0,20.0,6.70926996097583,5120000,chain,12.0,0.6,1.7,5e-05,50.0,False,0.01735,8.5e-07,0.0005,400,True,1.0,accuracy_test,True,0,6375
iris_small_test,iris,0,128,22,0,20.0,6.70926996097583,5120000,chain,12.0,0.6,1.7,6e-05,60.0,True,0.01735,8.5e-07,0.0005,400,True,0.9565217391304348,accuracy_test,True,0,6392
iris_small_test,iris,0,128,22,0,20.0,6.70926996097583,5120000,chain,12.0,0.6,1.7,6e-05,60.0,False,0.01735,8.5e-07,0.0005,400,True,1.0,accuracy_test,True,0,6409
iris_small_test,iris,0,128,22,0,20.0,6.70926996097583,5120000,chain,15.0,0.4,1.3,4e-05,40.0,True,0.01735,8.5e-07,0.0005,400,True,0.9130434782608695,accuracy_test,True,0,6426
iris_small_test,iris,0,128,22,0,20.0,6.70926996097583,5120000,chain,15.0,0.4,1.3,4e-05,40.0,False,0.01735,8.5e-07,0.0005,400,True,0.9565217391304348,accuracy_test,True,0,6443
iris_small_test,iris,0,128,22,0,20.0,6.70926996097583,5120000,chain,15.0,0.4,1.3,5e-05,50.0,True,0.01735,8.5e-07,0.0005,400,True,1.0,accuracy_test,True,0,6460
iris_small_test,iris,0,128,22,0,20.0,6.70926996097583,5120000,chain,15.0,0.4,1.3,5e-05,50.0,False,0.01735,8.5e-07,0.0005,400,True,0.9565217391304348,accuracy_test,True,0,6477
iris_small_test,iris,0,128,22,0,20.0,6.70926996097583,5120000,chain,15.0,0.4,1.3,6e-05,60.0,True,0.01735,8.5e-07,0.0005,400,True,0.9565217391304348,accuracy_test,True,0,6494
iris_small_test,iris,0,128,22,0,20.0,6.70926996097583,5120000,chain,15.0,0.4,1.3,6e-05,60.0,False,0.01735,8.5e-07,0.0005,400,True,0.9565217391304348,accuracy_test,True,0,6511
iris_small_test,iris,0,128,22,0,20.0,6.70926996097583,5120000,chain,15.0,0.4,1.5,4e-05,40.0,True,0.01735,8.5e-07,0.0005,400,True,1.0,accuracy_test,True,0,6528
iris_small_test,iris,0,128,22,0,20.0,6.70926996097583,5120000,chain,15.0,0.4,1.5,4e-05,40.0,False,0.01735,8.5e-07,0.0005,400,True,1.0,accuracy_test,True,0,6545
iris_small_test,iris,0,128,22,0,20.0,6.70926996097583,5120000,chain,15.0,0.4,1.5,5e-05,50.0,True,0.01735,8.5e-07,0.0005,400,True,1.0,accuracy_test,True,0,6562
iris_small_test,iris,0,128,22,0,20.0,6.70926996097583,5120000,chain,15.0,0.4,1.5,5e-05,50.0,False,0.01735,8.5e-07,0.0005,400,True,1.0,accuracy_test,True,0,6579
iris_small_test,iris,0,128,22,0,20.0,6.70926996097583,5120000,chain,15.0,0.4,1.5,6e-05,60.0,True,0.01735,8.5e-07,0.0005,400,True,1.0,accuracy_test,True,0,6596
iris_small_test,iris,0,128,22,0,20.0,6.70926996097583,5120000,chain,15.0,0.4,1.5,6e-05,60.0,False,0.01735,8.5e-07,0.0005,400,True,1.0,accuracy_test,True,0,6613
iris_small_test,iris,0,128,22,0,20.0,6.70926996097583,5120000,chain,15.0,0.4,1.7,4e-05,40.0,True,0.01735,8.5e-07,0.0005,400,True,1.0,accuracy_test,True,0,6630
iris_small_test,iris,0,128,22,0,20.0,6.70926996097583,5120000,chain,15.0,0.4,1.7,4e-05,40.0,False,0.01735,8.5e-07,0.0005,400,True,1.0,accuracy_test,True,0,6647
iris_small_test,iris,0,128,22,0,20.0,6.70926996097583,5120000,chain,15.0,0.4,1.7,5e-05,50.0,True,0.01735,8.5e-07,0.0005,400,True,1.0,accuracy_test,True,0,6664
iris_small_test,iris,0,128,22,0,20.0,6.70926996097583,5120000,chain,15.0,0.4,1.7,5e-05,50.0,False,0.01735,8.5e-07,0.0005,400,True,1.0,accuracy_test,True,0,6681
iris_small_test,iris,0,128,22,0,20.0,6.70926996097583,5120000,chain,15.0,0.4,1.7,6e-05,60.0,True,0.01735,8.5e-07,0.0005,400,True,1.0,accuracy_test,True,0,6698
iris_small_test,iris,0,128,22,0,20.0,6.70926996097583,5120000,chain,15.0,0.4,1.7,6e-05,60.0,False,0.01735,8.5e-07,0.0005,400,True,1.0,accuracy_test,True,0,6715
iris_small_test,iris,0,128,22,0,20.0,6.70926996097583,5120000,chain,15.0,0.5,1.3,4e-05,40.0,True,0.01735,8.5e-07,0.0005,400,True,0.9565217391304348,accuracy_test,True,0,6732
iris_small_test,iris,0,128,22,0,20.0,6.70926996097583,5120000,chain,15.0,0.5,1.3,4e-05,40.0,False,0.01735,8.5e-07,0.0005,400,True,1.0,accuracy_test,True,0,6749
iris_small_test,iris,0,128,22,0,20.0,6.70926996097583,5120000,chain,15.0,0.5,1.3,5e-05,50.0,True,0.01735,8.5e-07,0.0005,400,True,0.9565217391304348,accuracy_test,True,0,6766
iris_small_test,iris,0,128,22,0,20.0,6.70926996097583,5120000,chain,15.0,0.5,1.3,5e-05,50.0,False,0.01735,8.5e-07,0.0005,400,True,1.0,accuracy_test,True,0,6783
